{
  "ema_trend": 0.06221235916018486,
  "ema_21": 0.06001225486397743,
  "atr_percent": 0.05762355029582977,
  "ema_8": 0.056445032358169556,
  "spy_close": 0.05559353902935982,
  "volume_sma_20": 0.055263832211494446,
  "price_momentum_20": 0.05429482087492943,
  "price_vs_ema21": 0.051164764910936356,
  "volatility_20": 0.050697166472673416,
  "rrs": 0.04963903874158859,
  "rrs_5bar": 0.04756420850753784,
  "close": 0.04535989835858345,
  "rsi_14": 0.04337112233042717,
  "price_momentum_5": 0.0403994545340538,
  "spy_momentum_5": 0.04006441682577133,
  "rrs_3bar": 0.039037737995386124,
  "price_vs_ema8": 0.0355629064142704,
  "volume": 0.03537938743829727,
  "volume_ratio": 0.034236229956150055,
  "price_momentum_1": 0.03152335062623024,
  "daily_range": 0.029178954660892487,
  "day_of_week": 0.02537609077990055
}