{
  "log_likelihood": 3196.830404767858,
  "n_samples": 1056,
  "n_features": 14,
  "regime_distribution": {
    "low_volatility": 1030,
    "high_volatility": 13,
    "bull_trending": 1,
    "bear_trending": 12
  },
  "silhouette_score": -0.0868876832209386,
  "davies_bouldin_score": 0.9676840620556527,
  "transition_matrix": [
    [
      0.996112698153883,
      7.856991766987724e-41,
      0.0,
      0.0038873018461169128
    ],
    [
      0.0768719666344736,
      0.9231280333655264,
      0.0,
      2.7035581249632853e-186
    ],
    [
      1.0,
      0.0,
      0.0,
      0.0
    ],
    [
      0.25000000001416584,
      0.08333333333231935,
      0.0,
      0.6666666666535148
    ]
  ]
}